[{"bundle_id": "com.samgisaninja.jailbreakgeniusassistant", "name": "r/Jailbreak Genius Assistant", "version": "1.1.1", "tagline": "get technical support from r/jailbreak discord", "homepage": "https://shuga.co/", "developer": {"name": "Samg_is_a_Ninja & olvrb ", "email": "stgardner4@att.net"}, "section": "Utilities", "works_min": "7.0", "works_max": "12.1.2", "featured": "false", "dependencies": "firmware (>= 7.0)"}, {"bundle_id": "com.samgisaninja.nocturnal11", "name": "nocturnal (iOS 11)", "version": "1.1-1+debug", "tagline": "Control Center Module for Eclipse!", "homepage": "https://shuga.co/", "developer": {"name": "Samg_is_a_Ninja", "email": "stgardner4@att.net"}, "section": "Control Center (Modules)", "works_min": "11.0", "works_max": "12.1.2", "featured": "false", "dependencies": "mobilesubstrate, com.opa334.ccsupport, me.gmoran.eclipsex"}, {"bundle_id": "com.samgisaninja.hidelockicon", "name": "Hide Lock Icon", "version": "1.0.1", "tagline": "Hides FaceID lock icon, requested by @OodleMyNoodle#6211", "homepage": "https://shuga.co/", "developer": {"name": "Samg_is_a_Ninja", "email": "stgardner4@att.net"}, "section": "Tweaks", "works_min": "11.0", "works_max": "12.1.2", "featured": "false", "dependencies": "mobilesubstrate, firmware (>= 11.0)"}, {"bundle_id": "com.yourepo.samgisaninja.percentageanimationforspringy", "name": "Percentage Animation for Springy", "version": "1.1.2", "tagline": "A springy animation that (inaccurately) shows the percentage of a respring", "homepage": "https://shuga.co/", "developer": {"name": "Sam Gardner ", "email": "stgardner4@att.net"}, "section": "Themes", "works_min": "7.0", "works_max": "12.1.2", "featured": "false"}, {"bundle_id": "com.yourepo.samgisaninja.extrarecipelauncher", "name": "extra_recipe launcher", "version": "3.1.2", "tagline": "A substrate launcher and rootfs mounter for the extra_recipe jailbreak.", "homepage": "https://shuga.co/", "developer": {"name": "Sam Gardner ", "email": "stgardner4@att.net"}, "section": "Tweaks", "works_min": "10.0", "works_max": "10.2", "featured": "false"}, {"bundle_id": "com.samgisaninja.thaliana", "name": "thaliana", "version": "1.0-2+debug", "tagline": "Control Center module for Firebird emulator", "homepage": "https://shuga.co/", "developer": {"name": "Sam Gardner", "email": "stgardner4@att.net"}, "section": "Control Center (Modules)", "works_min": "11.0", "works_max": "12.1.2", "featured": "false", "dependencies": "mobilesubstrate, com.opa334.ccsupport"}, {"bundle_id": "com.samgisaninja.successionrestore", "name": "Succession", "version": "1.3", "tagline": "Restore without updating via rootfilesystem DMG", "homepage": "https://shuga.co/", "developer": {"name": "Samg_is_a_Ninja", "email": "stgardner4@att.net"}, "section": "Utilities", "works_min": "7.0", "works_max": "12.1.2", "featured": "true", "dependencies": "firmware-sbin, rsync", "changelog": {"version": "1.3", "changes": "* Adds the ability to create a new orig-fs snapshot of the restored filesystem\\n* Adds the ability to create a \"succession-prerestore\" snapshot of the filesystem before restoring to allow undoing the restore at a later time\\n* Adds support for A12 devices\\n* Fixed a few UI bugs\\n* better performance when mounting"}}, {"bundle_id": "com.samgisaninja.dollarvoting", "name": "DollarVoting", "version": "1.0.1", "tagline": "Hides the \"give gold\" button on stock reddit app", "homepage": "https://shuga.co/", "developer": {"name": "Sam Gardner", "email": "stgardner4@att.net"}, "section": "Tweaks", "works_min": "7.0", "works_max": "12.1.2", "featured": "false", "dependencies": "mobilesubstrate"}, {"bundle_id": "com.yourepo.samgisaninja.cydia11icon", "name": "Cydia 11 icon", "version": "1.0.2", "tagline": "iOS 11-style icon for Cydia", "homepage": "https://shuga.co/", "developer": {"name": "Sam Gardner ", "email": "stgardner4@att.net"}, "section": "Themes", "works_min": "7.0", "works_max": "12.1.2", "featured": "false", "dependencies": "com.anemonetheming.anemone"}, {"bundle_id": "com.samgisaninja.malleus", "name": "malleus", "version": "1.1.1", "tagline": "iOS 12.1 3D Touch sounds ", "homepage": "https://shuga.co/", "developer": {"name": "Sam Gardner", "email": "stgardner4@att.net"}, "section": "Tweaks", "works_min": "11.0", "works_max": "12.0.1", "featured": "false", "dependencies": "mobilesubstrate, firmware (<= 12.0.1)", "changelog": {"version": "1.1.1", "changes": "Add A12 support"}}, {"bundle_id": "com.samgisaninja.stratosphere", "name": "stratosphere", "version": "1.0.1", "tagline": "Move the dock to the top!", "homepage": "https://shuga.co/", "developer": {"name": "Samg_is_a_Ninja", "email": "stgardner4@att.net"}, "section": "Tweaks", "works_min": "7.0", "works_max": "12.1.2", "featured": "true", "dependencies": "mobilesubstrate", "changelog": {"version": "1.0.1", "changes": "Add A12 support"}}, {"bundle_id": "com.yourepo.samgisaninja.hotdogmanfilteranimationforspringy", "name": "Hot Dog Man filter animation for springy", "version": "1.0.2", "tagline": "The popular hot dog man snapchat filter as a springy animation.", "homepage": "https://shuga.co/", "developer": {"name": "Sam Gardner ", "email": "stgardner4@att.net"}, "section": "Themes", "works_min": "7.0", "works_max": "12.1.2", "featured": "false", "dependencies": "com.aditkamath.springy"}, {"bundle_id": "com.samgisaninja.chlorophyll", "name": "chlorophyll", "version": "1.1", "tagline": "Highlight downloaded items in app store!", "homepage": "https://shuga.co/", "developer": {"name": "Samg_is_a_Ninja", "email": "stgardner4@att.net"}, "section": "Tweaks", "works_min": "11.0", "works_max": "12.1.2", "featured": "false", "dependencies": "mobilesubstrate", "changelog": {"version": "1.1", "changes": "merge my tweak with calico's tweak"}}, {"bundle_id": "com.samgisaninja.sillyo", "name": "Sileo Compatibility Layer", "version": "1.2.1", "tagline": "Compatibility layer for Sileo/unc0ver", "homepage": "https://shuga.co/", "developer": {"name": "Samg_is_a_Ninja & sbingner", "email": "stgardner4@att.net"}, "section": "Tweaks", "works_min": "11.0", "works_max": "12.1.2", "featured": "false", "dependencies": "mobilesubstrate", "conflicts": "com.pixelomer.u0sileo.backend, com.pixelomer.u0sileo"}, {"bundle_id": "com.samgisaninja.nocturnal", "name": "nocturnal", "version": "1.1-1+debug", "tagline": "Control Center Module for Eclipse!", "homepage": "https://shuga.co/", "developer": {"name": "Samg_is_a_Ninja", "email": "stgardner4@att.net"}, "section": "Control Center (Modules)", "works_min": "12.0", "works_max": "12.1.2", "featured": "fals", "dependencies": "mobilesubstrate, com.opa334.ccsupport, me.gmoran.eclipse12", "changelog": {"version": "1.1-1+debug", "changes": "change icon color"}}]