{"minVersion": "0.1", "headerImage": "https://samgisaninja.github.io/assets/com.samgisaninja.nocturnal/banner.png", "tintColor": "#009000", "tabs": [{"tabname": "Details", "views": [{"class": "HiddenDepictionScreenshotsView", "screenshots": [], "itemCornerRadius": 8, "itemSize": false}, {"markdown": "Control Center Module for Eclipse!", "useSpacing": "true", "class": "DepictionMarkdownView"}, {"class": "DepictionSpacerView"}, {"class": "DepictionHeaderView", "title": "Information"}, {"class": "DepictionTableTextView", "title": "Developer", "text": "Samg_is_a_Ninja"}, {"class": "DepictionTableTextView", "title": "Version", "text": "1.1-1+debug"}, {"class": "DepictionTableTextView", "title": "Compatibility", "text": "iOS 12.0 to 12.1.2"}, {"class": "DepictionTableTextView", "title": "Section", "text": "Control Center (Modules)"}, {"class": "DepictionSpacerView"}, {"class": "DepictionTableButtonView", "title": "Contact Support", "action": "depiction-https://samgisaninja.github.io/depiction/native/help/com.samgisaninja.nocturnal.json", "openExternal": "true", "tintColor": "#009000"}, {"class": "DepictionLabelView", "text": "Silica 1.0.0 \u2013 Updated 2019-05-17", "textColor": "#999999", "fontSize": "10.0", "alignment": 1}], "class": "DepictionStackView"}, {"tabname": "Changelog", "views": [{"class": "DepictionHeaderView", "title": "Changelog"}, {"class": "DepictionMarkdownView", "markdown": "This package has no changelog."}, {"class": "DepictionLabelView", "text": "Silica 1.0.0 \u2013 Updated 2019-05-17", "textColor": "#999999", "fontSize": "10.0", "alignment": 1}], "class": "DepictionStackView"}], "class": "DepictionTabView"}