{"minVersion": "0.1", "headerImage": "https://samgisaninja.github.io/assets/com.samgisaninja.dollarvoting/banner.png", "tintColor": "#009000", "tabs": [{"tabname": "Details", "views": [{"class": "HiddenDepictionScreenshotsView", "screenshots": [], "itemCornerRadius": 8, "itemSize": false}, {"markdown": "Hides the \"give gold\" button on stock reddit app", "useSpacing": "true", "class": "DepictionMarkdownView"}, {"class": "DepictionSpacerView"}, {"class": "DepictionHeaderView", "title": "Information"}, {"class": "DepictionTableTextView", "title": "Developer", "text": "Sam Gardner"}, {"class": "DepictionTableTextView", "title": "Version", "text": "1.0.1"}, {"class": "DepictionTableTextView", "title": "Compatibility", "text": "iOS 7.0 to 12.1.2"}, {"class": "DepictionTableTextView", "title": "Section", "text": "Tweaks"}, {"class": "DepictionSpacerView"}, {"class": "DepictionTableButtonView", "title": "Contact Support", "action": "depiction-https://samgisaninja.github.io/depiction/native/help/com.samgisaninja.dollarvoting.json", "openExternal": "true", "tintColor": "#009000"}, {"class": "DepictionLabelView", "text": "Silica 1.0.0 \u2013 Updated 2019-05-17", "textColor": "#999999", "fontSize": "10.0", "alignment": 1}], "class": "DepictionStackView"}, {"tabname": "Changelog", "views": [{"class": "DepictionHeaderView", "title": "Changelog"}, {"class": "DepictionMarkdownView", "markdown": "This package has no changelog."}, {"class": "DepictionLabelView", "text": "Silica 1.0.0 \u2013 Updated 2019-05-17", "textColor": "#999999", "fontSize": "10.0", "alignment": 1}], "class": "DepictionStackView"}], "class": "DepictionTabView"}