{"class": "DepictionStackView", "tintColor": "#009000", "title": "Contact Support", "views": [{"class": "DepictionMarkdownView", "markdown": "If you need help with \"nocturnal\", you can contact Samg_is_a_Ninja, the developer, via e-mail."}, {"class": "DepictionTableButtonView", "title": "Email Developer", "action": "mailto:stgardner4@att.net", "openExternal": "true", "tintColor": "#009000"}, {"class": "DepictionMarkdownView", "markdown": "If you found a mistake in the depiction or cannot download the package, you can reach outto the maintainer of the \"Samg_is_a_Ninja's Repo\" repo, Samg_is_a_Ninja."}, {"class": "DepictionTableButtonView", "title": "Email Maintainer", "action": "mailto:stgardner4@att.net", "openExternal": "true", "tintColor": "#009000"}]}